ROI,coef,mean,lower,upper,region
0,GPE_MVRR,59.30064914998371,39.618611248241905,78.27551906985272,critical
1,GPE_MVRR,202.0546021388874,179.1774950025231,224.41252785497005,critical+1
2,GPE_MVRR,113.28479254095996,93.51566532118707,133.05147268404227,critical+2
0,GPE_NPS,45.3993704079211,20.07164521373495,70.80647168315078,critical
1,GPE_NPS,63.869322008546995,34.412929801870575,92.11060121931844,critical+1
2,GPE_NPS,25.154310980186903,1.7454477906647774,48.082622240390656,critical+2
0,GPE_NPZ,120.79799333751201,95.21656903129448,146.0469792465382,critical
1,GPE_NPZ,150.19206254755744,116.73266893907231,183.83080357533456,critical+1
2,GPE_NPZ,65.02689004752358,39.4678701720537,89.90719230785139,critical+2
